{"contributors": null, "coordinates": null, "in_reply_to_user_id": null, "in_reply_to_screen_name": null, "quote_count": 0, "geo": null, "retweeted_status": {"possibly_sensitive": false, "contributors": null, "coordinates": null, "favorited": false, "in_reply_to_user_id": null, "in_reply_to_screen_name": null, "quote_count": 0, "geo": null, "retweet_count": 2, "lang": "en", "in_reply_to_user_id_str": null, "in_reply_to_status_id": null, "filter_level": "low", "created_at": "Sun Oct 29 15:43:10 +0000 2017", "extended_tweet": {"display_text_range": [0, 210], "full_text": "Evangelical Pastor Robert Jeffress on whether #Trump, who endorsed his book, has read it: \"Well, I gave it to him about a month ago in the Oval Office. You\u2019d need to ask him about that.\" https://t.co/LRkmiY639a", "entities": {"symbols": [], "urls": [{"indices": [187, 210], "display_url": "theatlantic.com/politics/archi\u2026", "expanded_url": "https://www.theatlantic.com/politics/archive/2017/10/robert-jeffress-trump/544196/", "url": "https://t.co/LRkmiY639a"}], "hashtags": [{"indices": [46, 52], "text": "Trump"}], "user_mentions": []}}, "in_reply_to_status_id_str": null, "place": null, "text": "Evangelical Pastor Robert Jeffress on whether #Trump, who endorsed his book, has read it: \"Well, I gave it to him a\u2026 https://t.co/P3oe2gt8Ni", "user": {"profile_sidebar_border_color": "FFFFFF", "geo_enabled": true, "profile_background_image_url": "http://pbs.twimg.com/profile_background_images/623660929813774336/m0dQhjf6.jpg", "profile_background_tile": false, "profile_banner_url": "https://pbs.twimg.com/profile_banners/246103/1508071801", "description": "Author. Mental health counselor. Satirist. Absurdist. Epistemologist. #TheResistance. #BlockedByTrump. Follow my @SolutionsBook for helpers.", "follow_request_sent": null, "profile_background_color": "FFFFFF", "notifications": null, "profile_link_color": "3B94D9", "translator_type": "none", "friends_count": 254, "statuses_count": 142639, "lang": "en", "location": "Global", "default_profile_image": false, "is_translator": false, "followers_count": 210427, "contributors_enabled": false, "created_at": "Mon Dec 25 17:32:24 +0000 2006", "screen_name": "JeffreyGuterman", "following": null, "favourites_count": 97610, "default_profile": false, "id_str": "246103", "verified": true, "profile_image_url": "http://pbs.twimg.com/profile_images/912102911177576450/rFKANX-B_normal.jpg", "listed_count": 3113, "name": "Jeffrey Guterman", "utc_offset": -14400, "profile_image_url_https": "https://pbs.twimg.com/profile_images/912102911177576450/rFKANX-B_normal.jpg", "profile_background_image_url_https": "https://pbs.twimg.com/profile_background_images/623660929813774336/m0dQhjf6.jpg", "profile_use_background_image": false, "profile_sidebar_fill_color": "F3F3F3", "url": "http://JeffreyGuterman.com", "profile_text_color": "333333", "protected": false, "id": 246103, "time_zone": "Eastern Time (US & Canada)"}, "id_str": "924662903420137473", "entities": {"symbols": [], "urls": [{"indices": [117, 140], "display_url": "twitter.com/i/web/status/9\u2026", "expanded_url": "https://twitter.com/i/web/status/924662903420137473", "url": "https://t.co/P3oe2gt8Ni"}], "hashtags": [{"indices": [46, 52], "text": "Trump"}], "user_mentions": []}, "is_quote_status": false, "favorite_count": 4, "retweeted": false, "reply_count": 5, "truncated": true, "id": 924662903420137473, "source": "<a href=\"http://twitter.com\" rel=\"nofollow\">Twitter Web Client</a>"}, "retweet_count": 0, "timestamp_ms": "1509292667166", "lang": "en", "in_reply_to_user_id_str": null, "in_reply_to_status_id": null, "filter_level": "low", "created_at": "Sun Oct 29 15:57:47 +0000 2017", "favorited": false, "in_reply_to_status_id_str": null, "place": null, "text": "RT @JeffreyGuterman: Evangelical Pastor Robert Jeffress on whether #Trump, who endorsed his book, has read it: \"Well, I gave it to him a\u2026 ", "user": {"profile_sidebar_border_color": "C0DEED", "geo_enabled": false, "profile_background_image_url": "http://abs.twimg.com/images/themes/theme1/bg.png", "profile_background_tile": false, "profile_banner_url": "https://pbs.twimg.com/profile_banners/706049323/1485121987", "description": "Political junkie. Patriot. Optimist. Nerd. Chocolate lover.", "follow_request_sent": null, "profile_background_color": "C0DEED", "notifications": null, "profile_link_color": "1DA1F2", "translator_type": "none", "friends_count": 558, "statuses_count": 76135, "lang": "en", "location": null, "default_profile_image": false, "is_translator": false, "followers_count": 827, "contributors_enabled": false, "created_at": "Fri Jul 20 00:12:56 +0000 2012", "screen_name": "dialogician", "following": null, "favourites_count": 98302, "default_profile": true, "id_str": "706049323", "verified": false, "profile_image_url": "http://pbs.twimg.com/profile_images/833461875119624192/lxJ0OGX2_normal.jpg", "listed_count": 13, "name": "Unpresidented", "utc_offset": -10800, "profile_image_url_https": "https://pbs.twimg.com/profile_images/833461875119624192/lxJ0OGX2_normal.jpg", "profile_background_image_url_https": "https://abs.twimg.com/images/themes/theme1/bg.png", "profile_use_background_image": true, "profile_sidebar_fill_color": "DDEEF6", "url": null, "profile_text_color": "333333", "protected": false, "id": 706049323, "time_zone": "Atlantic Time (Canada)"}, "id_str": "924666581522829312", "entities": {"symbols": [], "urls": [], "hashtags": [{"indices": [67, 73], "text": "Trump"}], "user_mentions": [{"id_str": "246103", "screen_name": "JeffreyGuterman", "id": 246103, "name": "Jeffrey Guterman", "indices": [3, 19]}]}, "is_quote_status": false, "favorite_count": 0, "retweeted": false, "reply_count": 0, "truncated": false, "id": 924666581522829312, "source": "<a href=\"http://twitter.com/#!/download/ipad\" rel=\"nofollow\">Twitter for iPad</a>"}{"possibly_sensitive": false, "contributors": null, "coordinates": null, "in_reply_to_user_id": null, "in_reply_to_screen_name": null, "quote_count": 0, "geo": null, "retweet_count": 0, "timestamp_ms": "1509292667229", "lang": "en", "in_reply_to_user_id_str": null, "in_reply_to_status_id": null, "filter_level": "low", "created_at": "Sun Oct 29 15:57:47 +0000 2017", "favorited": false, "in_reply_to_status_id_str": null, "place": null, "text": "#Trump #calls for investigation into #Clinton ties to dossier... https://t.co/HYUiwz0QUq", "user": {"profile_sidebar_border_color": "EEEEEE", "geo_enabled": false, "profile_background_image_url": "http://abs.twimg.com/images/themes/theme14/bg.gif", "profile_background_tile": true, "description": null, "follow_request_sent": null, "profile_background_color": "131516", "notifications": null, "profile_link_color": "009999", "translator_type": "none", "friends_count": 1, "statuses_count": 89792, "lang": "en", "location": null, "default_profile_image": false, "is_translator": false, "followers_count": 343418, "contributors_enabled": false, "created_at": "Fri Oct 04 01:24:17 +0000 2013", "screen_name": "drudgeheadlines", "following": null, "favourites_count": 285, "default_profile": false, "id_str": "1932657667", "verified": false, "profile_image_url": "http://pbs.twimg.com/profile_images/767818279943544834/9lBiS9lJ_normal.jpg", "listed_count": 791, "name": "Drudge Report", "utc_offset": -14400, "profile_image_url_https": "https://pbs.twimg.com/profile_images/767818279943544834/9lBiS9lJ_normal.jpg", "profile_background_image_url_https": "https://abs.twimg.com/images/themes/theme14/bg.gif", "profile_use_background_image": true, "profile_sidebar_fill_color": "EFEFEF", "url": null, "profile_text_color": "333333", "protected": false, "id": 1932657667, "time_zone": "Eastern Time (US & Canada)"}, "id_str": "924666581786988550", "entities": {"symbols": [], "urls": [{"indices": [65, 88], "display_url": "nypost.com/2017/10/29/tru\u2026", "expanded_url": "http://nypost.com/2017/10/29/trump-demands-republicans-do-something-in-twitter-meltdown/", "url": "https://t.co/HYUiwz0QUq"}], "hashtags": [{"indices": [0, 6], "text": "Trump"}, {"indices": [7, 13], "text": "calls"}, {"indices": [37, 45], "text": "Clinton"}], "user_mentions": []}, "is_quote_status": false, "favorite_count": 0, "retweeted": false, "reply_count": 0, "truncated": false, "id": 924666581786988550, "source": "<a href=\"http://www.rights.com\" rel=\"nofollow\">Post From Web Site</a>"}{"possibly_sensitive": false, "contributors": null, "coordinates": null, "in_reply_to_user_id": null, "in_reply_to_screen_name": null, "quote_count": 0, "geo": null, "retweet_count": 0, "timestamp_ms": "1509292667543", "lang": "en", "in_reply_to_user_id_str": null, "in_reply_to_status_id": null, "filter_level": "low", "created_at": "Sun Oct 29 15:57:47 +0000 2017", "favorited": false, "in_reply_to_status_id_str": null, "place": null, "text": "#Trump #calls for investigation into #Clinton ties to dossier... https://t.co/FxbKIPSBqb", "user": {"profile_sidebar_border_color": "C0DEED", "geo_enabled": false, "profile_background_image_url": "http://abs.twimg.com/images/themes/theme1/bg.png", "profile_background_tile": false, "description": null, "follow_request_sent": null, "profile_background_color": "C0DEED", "notifications": null, "profile_link_color": "1DA1F2", "translator_type": "none", "friends_count": 0, "statuses_count": 38431, "lang": "en", "location": null, "default_profile_image": false, "is_translator": false, "followers_count": 220443, "contributors_enabled": false, "created_at": "Thu Jun 30 20:23:10 +0000 2011", "screen_name": "_drudgereport_", "following": null, "favourites_count": 24, "default_profile": true, "id_str": "326986654", "verified": false, "profile_image_url": "http://pbs.twimg.com/profile_images/800793893067485184/uhP5lPpp_normal.jpg", "listed_count": 212, "name": "Drudge Report News", "utc_offset": -25200, "profile_image_url_https": "https://pbs.twimg.com/profile_images/800793893067485184/uhP5lPpp_normal.jpg", "profile_background_image_url_https": "https://abs.twimg.com/images/themes/theme1/bg.png", "profile_use_background_image": true, "profile_sidebar_fill_color": "DDEEF6", "url": null, "profile_text_color": "333333", "protected": false, "id": 326986654, "time_zone": "Pacific Time (US & Canada)"}, "id_str": "924666583104008195", "entities": {"symbols": [], "urls": [{"indices": [65, 88], "display_url": "nypost.com/2017/10/29/tru\u2026", "expanded_url": "http://nypost.com/2017/10/29/trump-demands-republicans-do-something-in-twitter-meltdown/", "url": "https://t.co/FxbKIPSBqb"}], "hashtags": [{"indices": [0, 6], "text": "Trump"}, {"indices": [7, 13], "text": "calls"}, {"indices": [37, 45], "text": "Clinton"}], "user_mentions": []}, "is_quote_status": false, "favorite_count": 0, "retweeted": false, "reply_count": 0, "truncated": false, "id": 924666583104008195, "source": "<a href=\"http://drudgereportarchives.com\" rel=\"nofollow\">PostFromTheMac</a>"}{"possibly_sensitive": false, "quoted_status_id": 924665196798533633, "coordinates": null, "favorited": false, "in_reply_to_user_id": null, "in_reply_to_screen_name": null, "quote_count": 0, "geo": null, "retweet_count": 0, "timestamp_ms": "1509292667705", "lang": "en", "in_reply_to_user_id_str": null, "in_reply_to_status_id": null, "filter_level": "low", "display_text_range": [0, 140], "contributors": null, "created_at": "Sun Oct 29 15:57:47 +0000 2017", "extended_tweet": {"display_text_range": [0, 144], "full_text": "We want her in Jail, we want you out of the Middle East, We want #Kushner back in Israel w/Netanyahu where he blongs &amp; out of Our WH. #Trump https://t.co/1ULFXgOmOX", "entities": {"symbols": [], "urls": [{"indices": [145, 168], "display_url": "twitter.com/TheDuran_com/s\u2026", "expanded_url": "https://twitter.com/TheDuran_com/status/924665196798533633", "url": "https://t.co/1ULFXgOmOX"}], "hashtags": [{"indices": [65, 73], "text": "Kushner"}, {"indices": [138, 144], "text": "Trump"}], "user_mentions": []}}, "in_reply_to_status_id_str": null, "place": null, "text": "We want her in Jail, we want you out of the Middle East, We want #Kushner back in Israel w/Netanyahu where he blong\u2026 https://t.co/orlqPaBUpR", "user": {"profile_sidebar_border_color": "C0DEED", "geo_enabled": false, "profile_background_image_url": "", "profile_background_tile": false, "profile_banner_url": "https://pbs.twimg.com/profile_banners/853323891472605184/1507238152", "description": "Joined Twitter to use our Voices to promote our Truths about the War in Syria. We are Syrian-Americans & are against USA Proxy Wars for the Elite's.", "follow_request_sent": null, "profile_background_color": "F5F8FA", "notifications": null, "profile_link_color": "1DA1F2", "translator_type": "none", "friends_count": 2529, "statuses_count": 34451, "lang": "en", "location": null, "default_profile_image": false, "is_translator": false, "followers_count": 2093, "contributors_enabled": false, "created_at": "Sat Apr 15 19:07:24 +0000 2017", "screen_name": "jnj_kahl", "following": null, "favourites_count": 17854, "default_profile": true, "id_str": "853323891472605184", "verified": false, "profile_image_url": "http://pbs.twimg.com/profile_images/914157720260853760/Ns5eZUH-_normal.jpg", "listed_count": 25, "name": "Jennifer Kahl", "utc_offset": -25200, "profile_image_url_https": "https://pbs.twimg.com/profile_images/914157720260853760/Ns5eZUH-_normal.jpg", "profile_background_image_url_https": "", "profile_use_background_image": true, "profile_sidebar_fill_color": "DDEEF6", "url": null, "profile_text_color": "333333", "protected": false, "id": 853323891472605184, "time_zone": "Pacific Time (US & Canada)"}, "id_str": "924666583783321601", "quoted_status_id_str": "924665196798533633", "entities": {"symbols": [], "urls": [{"indices": [117, 140], "display_url": "twitter.com/i/web/status/9\u2026", "expanded_url": "https://twitter.com/i/web/status/924666583783321601", "url": "https://t.co/orlqPaBUpR"}], "hashtags": [{"indices": [65, 73], "text": "Kushner"}], "user_mentions": []}, "quoted_status": {"possibly_sensitive": false, "contributors": null, "coordinates": null, "favorited": false, "in_reply_to_user_id": null, "in_reply_to_screen_name": null, "quote_count": 1, "geo": null, "retweet_count": 1, "lang": "en", "in_reply_to_user_id_str": null, "in_reply_to_status_id": null, "filter_level": "low", "display_text_range": [0, 140], "created_at": "Sun Oct 29 15:52:17 +0000 2017", "extended_tweet": {"extended_entities": {"media": [{"media_url": "http://pbs.twimg.com/media/DNUSF9vUMAABzQJ.jpg", "sizes": {"thumb": {"w": 150, "h": 150, "resize": "crop"}, "small": {"w": 680, "h": 453, "resize": "fit"}, "medium": {"w": 1200, "h": 800, "resize": "fit"}, "large": {"w": 2000, "h": 1333, "resize": "fit"}}, "indices": [136, 159], "type": "photo", "media_url_https": "https://pbs.twimg.com/media/DNUSF9vUMAABzQJ.jpg", "id_str": "924665192176168960", "display_url": "pic.twitter.com/HYDQnqlhmR", "url": "https://t.co/HYDQnqlhmR", "id": 924665192176168960, "expanded_url": "https://twitter.com/TheDuran_com/status/924665196798533633/photo/1"}]}, "display_text_range": [0, 135], "full_text": "Trump BLASTS blasts Deep State for not investigating criminal acts of Hillary Clinton, Robert Mueller and ... - https://t.co/jOAbmmKmwk https://t.co/HYDQnqlhmR", "entities": {"media": [{"media_url": "http://pbs.twimg.com/media/DNUSF9vUMAABzQJ.jpg", "sizes": {"thumb": {"w": 150, "h": 150, "resize": "crop"}, "small": {"w": 680, "h": 453, "resize": "fit"}, "medium": {"w": 1200, "h": 800, "resize": "fit"}, "large": {"w": 2000, "h": 1333, "resize": "fit"}}, "indices": [136, 159], "type": "photo", "media_url_https": "https://pbs.twimg.com/media/DNUSF9vUMAABzQJ.jpg", "id_str": "924665192176168960", "display_url": "pic.twitter.com/HYDQnqlhmR", "url": "https://t.co/HYDQnqlhmR", "id": 924665192176168960, "expanded_url": "https://twitter.com/TheDuran_com/status/924665196798533633/photo/1"}], "symbols": [], "urls": [{"indices": [112, 135], "display_url": "theduran.com/trump-blasts-b\u2026", "expanded_url": "http://theduran.com/trump-blasts-blasts-deep-state-for-not-investigating-criminal-acts-of-hillary-clinton-robert-mueller-and-james-comey/", "url": "https://t.co/jOAbmmKmwk"}], "hashtags": [], "user_mentions": []}}, "in_reply_to_status_id_str": null, "place": null, "text": "Trump BLASTS blasts Deep State for not investigating criminal acts of Hillary Clinton, Robert Mueller and ... -\u2026 https://t.co/JeZRTSipZY", "user": {"profile_sidebar_border_color": "000000", "geo_enabled": false, "profile_background_image_url": "http://abs.twimg.com/images/themes/theme1/bg.png", "profile_background_tile": false, "profile_banner_url": "https://pbs.twimg.com/profile_banners/727882402568101888/1505502150", "description": "News and smart analysis on everything you need to know. Want to write with us? Contact editor@theduran.com", "follow_request_sent": null, "profile_background_color": "000000", "notifications": null, "profile_link_color": "000000", "translator_type": "none", "friends_count": 1207, "statuses_count": 6615, "lang": "en", "location": "Cyprus", "default_profile_image": false, "is_translator": false, "followers_count": 4706, "contributors_enabled": false, "created_at": "Wed May 04 15:27:42 +0000 2016", "screen_name": "TheDuran_com", "following": null, "favourites_count": 36, "default_profile": false, "id_str": "727882402568101888", "verified": false, "profile_image_url": "http://pbs.twimg.com/profile_images/908767100549840896/gtZnQBnu_normal.jpg", "listed_count": 119, "name": "The Duran", "utc_offset": 7200, "profile_image_url_https": "https://pbs.twimg.com/profile_images/908767100549840896/gtZnQBnu_normal.jpg", "profile_background_image_url_https": "https://abs.twimg.com/images/themes/theme1/bg.png", "profile_use_background_image": false, "profile_sidebar_fill_color": "000000", "url": "http://www.TheDuran.com", "profile_text_color": "000000", "protected": false, "id": 727882402568101888, "time_zone": "Athens"}, "id_str": "924665196798533633", "entities": {"symbols": [], "urls": [{"indices": [113, 136], "display_url": "twitter.com/i/web/status/9\u2026", "expanded_url": "https://twitter.com/i/web/status/924665196798533633", "url": "https://t.co/JeZRTSipZY"}], "hashtags": [], "user_mentions": []}, "is_quote_status": false, "favorite_count": 2, "retweeted": false, "reply_count": 1, "truncated": true, "id": 924665196798533633, "source": "<a href=\"http://theduran.com\" rel=\"nofollow\">TheDuran</a>"}, "is_quote_status": true, "favorite_count": 0, "retweeted": false, "reply_count": 0, "truncated": true, "id": 924666583783321601, "source": "<a href=\"http://twitter.com\" rel=\"nofollow\">Twitter Web Client</a>"}{"contributors": null, "coordinates": null, "in_reply_to_user_id": null, "in_reply_to_screen_name": null, "quote_count": 0, "geo": null, "retweeted_status": {"possibly_sensitive": false, "contributors": null, "coordinates": null, "favorited": false, "in_reply_to_user_id": null, "in_reply_to_screen_name": null, "quote_count": 6, "geo": null, "retweet_count": 125, "lang": "en", "in_reply_to_user_id_str": null, "in_reply_to_status_id": null, "filter_level": "low", "display_text_range": [0, 140], "created_at": "Sun Oct 29 15:03:20 +0000 2017", "extended_tweet": {"extended_entities": {"media": [{"media_url": "http://pbs.twimg.com/ext_tw_video_thumb/924652513822777344/pu/img/GjyTaioDGPhO6xMZ.jpg", "sizes": {"thumb": {"w": 150, "h": 150, "resize": "crop"}, "small": {"w": 340, "h": 340, "resize": "fit"}, "medium": {"w": 600, "h": 600, "resize": "fit"}, "large": {"w": 1024, "h": 1024, "resize": "fit"}}, "video_info": {"variants": [{"url": "https://video.twimg.com/ext_tw_video/924652513822777344/pu/vid/720x720/MadPL5tY80XYsHhV.mp4", "bitrate": 1280000, "content_type": "video/mp4"}, {"url": "https://video.twimg.com/ext_tw_video/924652513822777344/pu/vid/480x480/yOA3URycblGn5Eey.mp4", "bitrate": 832000, "content_type": "video/mp4"}, {"url": "https://video.twimg.com/ext_tw_video/924652513822777344/pu/vid/240x240/lW60Oov8p9efyGop.mp4", "bitrate": 320000, "content_type": "video/mp4"}, {"url": "https://video.twimg.com/ext_tw_video/924652513822777344/pu/pl/S4bmh33rtx7gbNRR.m3u8", "content_type": "application/x-mpegURL"}], "aspect_ratio": [1, 1], "duration_millis": 77119}, "indices": [139, 162], "type": "video", "media_url_https": "https://pbs.twimg.com/ext_tw_video_thumb/924652513822777344/pu/img/GjyTaioDGPhO6xMZ.jpg", "id_str": "924652513822777344", "display_url": "pic.twitter.com/0ZAYL40Epz", "url": "https://t.co/0ZAYL40Epz", "id": 924652513822777344, "expanded_url": "https://twitter.com/FMoniteau/status/924652881940303874/video/1"}]}, "display_text_range": [0, 138], "full_text": "\"DO SOMETHING\" Members of Congress needs to say where they stand on impeachment\n\n#TheResistance #MAGA #Trump #FoxNews #ImpeachTrump #AMJoy https://t.co/0ZAYL40Epz", "entities": {"media": [{"media_url": "http://pbs.twimg.com/ext_tw_video_thumb/924652513822777344/pu/img/GjyTaioDGPhO6xMZ.jpg", "sizes": {"thumb": {"w": 150, "h": 150, "resize": "crop"}, "small": {"w": 340, "h": 340, "resize": "fit"}, "medium": {"w": 600, "h": 600, "resize": "fit"}, "large": {"w": 1024, "h": 1024, "resize": "fit"}}, "video_info": {"variants": [{"url": "https://video.twimg.com/ext_tw_video/924652513822777344/pu/vid/720x720/MadPL5tY80XYsHhV.mp4", "bitrate": 1280000, "content_type": "video/mp4"}, {"url": "https://video.twimg.com/ext_tw_video/924652513822777344/pu/vid/480x480/yOA3URycblGn5Eey.mp4", "bitrate": 832000, "content_type": "video/mp4"}, {"url": "https://video.twimg.com/ext_tw_video/924652513822777344/pu/vid/240x240/lW60Oov8p9efyGop.mp4", "bitrate": 320000, "content_type": "video/mp4"}, {"url": "https://video.twimg.com/ext_tw_video/924652513822777344/pu/pl/S4bmh33rtx7gbNRR.m3u8", "content_type": "application/x-mpegURL"}], "aspect_ratio": [1, 1], "duration_millis": 77119}, "indices": [139, 162], "type": "video", "media_url_https": "https://pbs.twimg.com/ext_tw_video_thumb/924652513822777344/pu/img/GjyTaioDGPhO6xMZ.jpg", "id_str": "924652513822777344", "display_url": "pic.twitter.com/0ZAYL40Epz", "url": "https://t.co/0ZAYL40Epz", "id": 924652513822777344, "expanded_url": "https://twitter.com/FMoniteau/status/924652881940303874/video/1"}], "symbols": [], "urls": [], "hashtags": [{"indices": [81, 95], "text": "TheResistance"}, {"indices": [96, 101], "text": "MAGA"}, {"indices": [102, 108], "text": "Trump"}, {"indices": [109, 117], "text": "FoxNews"}, {"indices": [118, 131], "text": "ImpeachTrump"}, {"indices": [132, 138], "text": "AMJoy"}], "user_mentions": []}}, "in_reply_to_status_id_str": null, "place": null, "text": "\"DO SOMETHING\" Members of Congress needs to say where they stand on impeachment\n\n#TheResistance #MAGA #Trump\u2026 https://t.co/43O9wb1nz4", "user": {"profile_sidebar_border_color": "C0DEED", "geo_enabled": false, "profile_background_image_url": "", "profile_background_tile": false, "description": "Diluted Droplets of Drollery\n#TheResistance", "follow_request_sent": null, "profile_background_color": "F5F8FA", "notifications": null, "profile_link_color": "1DA1F2", "translator_type": "none", "friends_count": 8239, "statuses_count": 4506, "lang": "en", "location": "United States", "default_profile_image": false, "is_translator": false, "followers_count": 9620, "contributors_enabled": false, "created_at": "Tue Oct 18 16:31:58 +0000 2016", "screen_name": "FMoniteau", "following": null, "favourites_count": 2973, "default_profile": true, "id_str": "788417346092183552", "verified": false, "profile_image_url": "http://pbs.twimg.com/profile_images/903320057345826816/uao6N6nH_normal.jpg", "listed_count": 46, "name": "Fredon Moniteau", "utc_offset": -18000, "profile_image_url_https": "https://pbs.twimg.com/profile_images/903320057345826816/uao6N6nH_normal.jpg", "profile_background_image_url_https": "", "profile_use_background_image": true, "profile_sidebar_fill_color": "DDEEF6", "url": null, "profile_text_color": "333333", "protected": false, "id": 788417346092183552, "time_zone": "Central Time (US & Canada)"}, "id_str": "924652881940303874", "entities": {"symbols": [], "urls": [{"indices": [110, 133], "display_url": "twitter.com/i/web/status/9\u2026", "expanded_url": "https://twitter.com/i/web/status/924652881940303874", "url": "https://t.co/43O9wb1nz4"}], "hashtags": [{"indices": [81, 95], "text": "TheResistance"}, {"indices": [96, 101], "text": "MAGA"}, {"indices": [102, 108], "text": "Trump"}], "user_mentions": []}, "is_quote_status": false, "favorite_count": 193, "retweeted": false, "reply_count": 15, "truncated": true, "id": 924652881940303874, "source": "<a href=\"http://twitter.com\" rel=\"nofollow\">Twitter Web Client</a>"}, "retweet_count": 0, "timestamp_ms": "1509292667908", "lang": "en", "in_reply_to_user_id_str": null, "in_reply_to_status_id": null, "filter_level": "low", "created_at": "Sun Oct 29 15:57:47 +0000 2017", "favorited": false, "in_reply_to_status_id_str": null, "place": null, "text": "RT @FMoniteau: \"DO SOMETHING\" Members of Congress needs to say where they stand on impeachment\n\n#TheResistance #MAGA #Trump\u2026 ", "user": {"profile_sidebar_border_color": "C0DEED", "geo_enabled": true, "profile_background_image_url": "http://abs.twimg.com/images/themes/theme1/bg.png", "profile_background_tile": false, "profile_banner_url": "https://pbs.twimg.com/profile_banners/1861688269/1479349495", "description": "Domestic Violence Advocate , Anger Management for Adults and Kids.  Parenting and Co-Parenting Court Approved Classes.", "follow_request_sent": null, "profile_background_color": "C0DEED", "notifications": null, "profile_link_color": "1DA1F2", "translator_type": "none", "friends_count": 1332, "statuses_count": 65394, "lang": "en", "location": "Simi Valley, CA", "default_profile_image": false, "is_translator": false, "followers_count": 1422, "contributors_enabled": false, "created_at": "Fri Sep 13 20:33:32 +0000 2013", "screen_name": "mariefisher562", "following": null, "favourites_count": 96342, "default_profile": true, "id_str": "1861688269", "verified": false, "profile_image_url": "http://pbs.twimg.com/profile_images/799075825941245952/SrZ-fUwo_normal.jpg", "listed_count": 12, "name": "Marie", "utc_offset": null, "profile_image_url_https": "https://pbs.twimg.com/profile_images/799075825941245952/SrZ-fUwo_normal.jpg", "profile_background_image_url_https": "https://abs.twimg.com/images/themes/theme1/bg.png", "profile_use_background_image": true, "profile_sidebar_fill_color": "DDEEF6", "url": null, "profile_text_color": "333333", "protected": false, "id": 1861688269, "time_zone": null}, "id_str": "924666584634859520", "entities": {"symbols": [], "urls": [], "hashtags": [{"indices": [96, 110], "text": "TheResistance"}, {"indices": [111, 116], "text": "MAGA"}, {"indices": [117, 123], "text": "Trump"}], "user_mentions": [{"id_str": "788417346092183552", "screen_name": "FMoniteau", "id": 788417346092183552, "name": "Fredon Moniteau", "indices": [3, 13]}]}, "is_quote_status": false, "favorite_count": 0, "retweeted": false, "reply_count": 0, "truncated": false, "id": 924666584634859520, "source": "<a href=\"http://twitter.com/download/android\" rel=\"nofollow\">Twitter for Android</a>"}{"quoted_status_id": 509473920706043905, "coordinates": null, "in_reply_to_user_id": null, "in_reply_to_screen_name": null, "quote_count": 0, "geo": null, "retweeted_status": {"possibly_sensitive": false, "quoted_status_id": 509473920706043905, "coordinates": null, "favorited": false, "in_reply_to_user_id": null, "in_reply_to_screen_name": null, "quote_count": 0, "geo": null, "retweet_count": 3, "lang": "und", "in_reply_to_user_id_str": null, "in_reply_to_status_id": null, "filter_level": "low", "display_text_range": [0, 140], "contributors": null, "created_at": "Sun Oct 29 15:55:12 +0000 2017", "extended_tweet": {"display_text_range": [0, 139], "full_text": "#Trump #nufc # lfc #newcastle #EastEnders #thfc #whf #corrie #gbbo #mufc @hyperRTs #cfc #spurs #PremierLeague #news\nhttps://t.co/hhYwwMeWnj https://t.co/O6BssKV2DW", "entities": {"symbols": [], "urls": [{"indices": [116, 139], "display_url": "homenergyadviceteam.co.uk/os", "expanded_url": "http://www.homenergyadviceteam.co.uk/os", "url": "https://t.co/hhYwwMeWnj"}, {"indices": [140, 163], "display_url": "twitter.com/Pandamoanimum/\u2026", "expanded_url": "https://twitter.com/Pandamoanimum/status/509473920706043905", "url": "https://t.co/O6BssKV2DW"}], "hashtags": [{"indices": [0, 6], "text": "Trump"}, {"indices": [7, 12], "text": "nufc"}, {"indices": [19, 29], "text": "newcastle"}, {"indices": [30, 41], "text": "EastEnders"}, {"indices": [42, 47], "text": "thfc"}, {"indices": [48, 52], "text": "whf"}, {"indices": [53, 60], "text": "corrie"}, {"indices": [61, 66], "text": "gbbo"}, {"indices": [67, 72], "text": "mufc"}, {"indices": [83, 87], "text": "cfc"}, {"indices": [88, 94], "text": "spurs"}, {"indices": [95, 109], "text": "PremierLeague"}, {"indices": [110, 115], "text": "news"}], "user_mentions": [{"id_str": "3012889453", "screen_name": "HyperRTs", "id": 3012889453, "name": "Hyper Retweets", "indices": [73, 82]}]}}, "in_reply_to_status_id_str": null, "place": null, "text": "#Trump #nufc # lfc #newcastle #EastEnders #thfc #whf #corrie #gbbo #mufc @hyperRTs #cfc #spurs #PremierLeague #news\u2026 https://t.co/yYBQEN4BOn", "user": {"profile_sidebar_border_color": "000000", "geo_enabled": true, "profile_background_image_url": "http://abs.twimg.com/images/themes/theme1/bg.png", "profile_background_tile": false, "profile_banner_url": "https://pbs.twimg.com/profile_banners/800480683009318912/1506717650", "description": "Trending and Breaking news, music,, arts, comedy,sport TV Mobile phone accessories, .Offering free boilers and Grants http://www.homeenergyadviceteam.co.uk/os", "follow_request_sent": null, "profile_background_color": "000000", "notifications": null, "profile_link_color": "1B95E0", "translator_type": "none", "friends_count": 740, "statuses_count": 1512, "lang": "en", "location": "Whitley Bay, England", "default_profile_image": false, "is_translator": false, "followers_count": 459, "contributors_enabled": false, "created_at": "Sun Nov 20 23:27:21 +0000 2016", "screen_name": "cable_life", "following": null, "favourites_count": 24, "default_profile": false, "id_str": "800480683009318912", "verified": false, "profile_image_url": "http://pbs.twimg.com/profile_images/913866017927041029/IOxl2QA0_normal.jpg", "listed_count": 4, "name": "Cable Life", "utc_offset": null, "profile_image_url_https": "https://pbs.twimg.com/profile_images/913866017927041029/IOxl2QA0_normal.jpg", "profile_background_image_url_https": "https://abs.twimg.com/images/themes/theme1/bg.png", "profile_use_background_image": false, "profile_sidebar_fill_color": "000000", "url": "http://www.cablelife.co.uk", "profile_text_color": "000000", "protected": false, "id": 800480683009318912, "time_zone": null}, "id_str": "924665931753754631", "quoted_status_id_str": "509473920706043905", "entities": {"symbols": [], "urls": [{"indices": [117, 140], "display_url": "twitter.com/i/web/status/9\u2026", "expanded_url": "https://twitter.com/i/web/status/924665931753754631", "url": "https://t.co/yYBQEN4BOn"}], "hashtags": [{"indices": [0, 6], "text": "Trump"}, {"indices": [7, 12], "text": "nufc"}, {"indices": [19, 29], "text": "newcastle"}, {"indices": [30, 41], "text": "EastEnders"}, {"indices": [42, 47], "text": "thfc"}, {"indices": [48, 52], "text": "whf"}, {"indices": [53, 60], "text": "corrie"}, {"indices": [61, 66], "text": "gbbo"}, {"indices": [67, 72], "text": "mufc"}, {"indices": [83, 87], "text": "cfc"}, {"indices": [88, 94], "text": "spurs"}, {"indices": [95, 109], "text": "PremierLeague"}, {"indices": [110, 115], "text": "news"}], "user_mentions": [{"id_str": "3012889453", "screen_name": "HyperRTs", "id": 3012889453, "name": "Hyper Retweets", "indices": [73, 82]}]}, "quoted_status": {"contributors": null, "coordinates": null, "in_reply_to_user_id": null, "in_reply_to_screen_name": null, "quote_count": 65, "geo": null, "retweet_count": 5830, "lang": "en", "in_reply_to_user_id_str": null, "in_reply_to_status_id": null, "filter_level": "low", "created_at": "Tue Sep 09 22:50:22 +0000 2014", "favorited": false, "in_reply_to_status_id_str": null, "place": null, "text": "The inventor of the anagram has died.\nMay he erect a penis.", "user": {"profile_sidebar_border_color": "FFFFFF", "geo_enabled": true, "profile_background_image_url": "http://pbs.twimg.com/profile_background_images/9799827/34c9a7057f3785cf40c097281e1934f1895812.jpg", "profile_background_tile": true, "profile_banner_url": "https://pbs.twimg.com/profile_banners/19582310/1388503627", "description": "Welcome to my head. Please excuse the mess. Creative for @thatlot.", "follow_request_sent": null, "profile_background_color": "D82CBE", "notifications": null, "profile_link_color": "3B94D9", "translator_type": "none", "friends_count": 807, "statuses_count": 126712, "lang": "en", "location": "Kent, UK", "default_profile_image": false, "is_translator": false, "followers_count": 40496, "contributors_enabled": false, "created_at": "Tue Jan 27 08:06:53 +0000 2009", "screen_name": "Pandamoanimum", "following": null, "favourites_count": 12521, "default_profile": false, "id_str": "19582310", "verified": false, "profile_image_url": "http://pbs.twimg.com/profile_images/888168367470907392/Lh7EYzrW_normal.jpg", "listed_count": 729, "name": "Amanda", "utc_offset": 0, "profile_image_url_https": "https://pbs.twimg.com/profile_images/888168367470907392/Lh7EYzrW_normal.jpg", "profile_background_image_url_https": "https://pbs.twimg.com/profile_background_images/9799827/34c9a7057f3785cf40c097281e1934f1895812.jpg", "profile_use_background_image": true, "profile_sidebar_fill_color": "EE7AE2", "url": "http://pandamoanimum.wordpress.com/", "profile_text_color": "3D1957", "protected": false, "id": 19582310, "time_zone": "London"}, "id_str": "509473920706043905", "entities": {"symbols": [], "urls": [], "hashtags": [], "user_mentions": []}, "is_quote_status": false, "favorite_count": 6276, "retweeted": false, "reply_count": 107, "truncated": false, "id": 509473920706043905, "source": "<a href=\"https://about.twitter.com/products/tweetdeck\" rel=\"nofollow\">TweetDeck</a>"}, "is_quote_status": true, "favorite_count": 0, "retweeted": false, "reply_count": 0, "truncated": true, "id": 924665931753754631, "source": "<a href=\"http://twitter.com/download/android\" rel=\"nofollow\">Twitter for Android</a>"}, "retweet_count": 0, "timestamp_ms": "1509292667868", "lang": "und", "in_reply_to_user_id_str": null, "in_reply_to_status_id": null, "filter_level": "low", "contributors": null, "created_at": "Sun Oct 29 15:57:47 +0000 2017", "favorited": false, "in_reply_to_status_id_str": null, "place": null, "text": "RT @cable_life: #Trump #nufc # lfc #newcastle #EastEnders #thfc #whf #corrie #gbbo #mufc @hyperRTs #cfc #spurs #PremierLeague #news\u2026 ", "user": {"profile_sidebar_border_color": "000000", "geo_enabled": false, "profile_background_image_url": "http://abs.twimg.com/images/themes/theme1/bg.png", "profile_background_tile": false, "profile_banner_url": "https://pbs.twimg.com/profile_banners/784544956069404672/1509066967", "description": "Follow us to get the fastest RTs ll Owner @BKGManny ll Powered by: @BKG_Nation ll", "follow_request_sent": null, "profile_background_color": "000000", "notifications": null, "profile_link_color": "E81C4F", "translator_type": "none", "friends_count": 8, "statuses_count": 232293, "lang": "en", "location": null, "default_profile_image": false, "is_translator": false, "followers_count": 6654, "contributors_enabled": false, "created_at": "Sat Oct 08 00:04:28 +0000 2016", "screen_name": "FlyRts", "following": null, "favourites_count": 11357, "default_profile": false, "id_str": "784544956069404672", "verified": false, "profile_image_url": "http://pbs.twimg.com/profile_images/923720351942524928/zmxsVpjS_normal.jpg", "listed_count": 29, "name": "Fly Retweets", "utc_offset": -25200, "profile_image_url_https": "https://pbs.twimg.com/profile_images/923720351942524928/zmxsVpjS_normal.jpg", "profile_background_image_url_https": "https://abs.twimg.com/images/themes/theme1/bg.png", "profile_use_background_image": false, "profile_sidebar_fill_color": "000000", "url": null, "profile_text_color": "000000", "protected": false, "id": 784544956069404672, "time_zone": "Pacific Time (US & Canada)"}, "id_str": "924666584467169280", "quoted_status_id_str": "509473920706043905", "entities": {"symbols": [], "urls": [], "hashtags": [{"indices": [16, 22], "text": "Trump"}, {"indices": [23, 28], "text": "nufc"}, {"indices": [35, 45], "text": "newcastle"}, {"indices": [46, 57], "text": "EastEnders"}, {"indices": [58, 63], "text": "thfc"}, {"indices": [64, 68], "text": "whf"}, {"indices": [69, 76], "text": "corrie"}, {"indices": [77, 82], "text": "gbbo"}, {"indices": [83, 88], "text": "mufc"}, {"indices": [99, 103], "text": "cfc"}, {"indices": [104, 110], "text": "spurs"}, {"indices": [111, 125], "text": "PremierLeague"}, {"indices": [126, 131], "text": "news"}], "user_mentions": [{"id_str": "800480683009318912", "screen_name": "cable_life", "id": 800480683009318912, "name": "Cable Life", "indices": [3, 14]}, {"id_str": "3012889453", "screen_name": "HyperRTs", "id": 3012889453, "name": "Hyper Retweets", "indices": [89, 98]}]}, "quoted_status": {"contributors": null, "coordinates": null, "in_reply_to_user_id": null, "in_reply_to_screen_name": null, "quote_count": 65, "geo": null, "retweet_count": 5830, "lang": "en", "in_reply_to_user_id_str": null, "in_reply_to_status_id": null, "filter_level": "low", "created_at": "Tue Sep 09 22:50:22 +0000 2014", "favorited": false, "in_reply_to_status_id_str": null, "place": null, "text": "The inventor of the anagram has died.\nMay he erect a penis.", "user": {"profile_sidebar_border_color": "FFFFFF", "geo_enabled": true, "profile_background_image_url": "http://pbs.twimg.com/profile_background_images/9799827/34c9a7057f3785cf40c097281e1934f1895812.jpg", "profile_background_tile": true, "profile_banner_url": "https://pbs.twimg.com/profile_banners/19582310/1388503627", "description": "Welcome to my head. Please excuse the mess. Creative for @thatlot.", "follow_request_sent": null, "profile_background_color": "D82CBE", "notifications": null, "profile_link_color": "3B94D9", "translator_type": "none", "friends_count": 807, "statuses_count": 126712, "lang": "en", "location": "Kent, UK", "default_profile_image": false, "is_translator": false, "followers_count": 40496, "contributors_enabled": false, "created_at": "Tue Jan 27 08:06:53 +0000 2009", "screen_name": "Pandamoanimum", "following": null, "favourites_count": 12521, "default_profile": false, "id_str": "19582310", "verified": false, "profile_image_url": "http://pbs.twimg.com/profile_images/888168367470907392/Lh7EYzrW_normal.jpg", "listed_count": 729, "name": "Amanda", "utc_offset": 0, "profile_image_url_https": "https://pbs.twimg.com/profile_images/888168367470907392/Lh7EYzrW_normal.jpg", "profile_background_image_url_https": "https://pbs.twimg.com/profile_background_images/9799827/34c9a7057f3785cf40c097281e1934f1895812.jpg", "profile_use_background_image": true, "profile_sidebar_fill_color": "EE7AE2", "url": "http://pandamoanimum.wordpress.com/", "profile_text_color": "3D1957", "protected": false, "id": 19582310, "time_zone": "London"}, "id_str": "509473920706043905", "entities": {"symbols": [], "urls": [], "hashtags": [], "user_mentions": []}, "is_quote_status": false, "favorite_count": 6276, "retweeted": false, "reply_count": 107, "truncated": false, "id": 509473920706043905, "source": "<a href=\"https://about.twitter.com/products/tweetdeck\" rel=\"nofollow\">TweetDeck</a>"}, "is_quote_status": true, "favorite_count": 0, "retweeted": false, "reply_count": 0, "truncated": false, "id": 924666584467169280, "source": "<a href=\"https://www.bkgnation.com\" rel=\"nofollow\">Fly Rts</a>"}{"contributors": null, "coordinates": null, "in_reply_to_user_id": null, "in_reply_to_screen_name": null, "quote_count": 0, "geo": null, "retweeted_status": {"possibly_sensitive": false, "contributors": null, "coordinates": null, "in_reply_to_user_id": null, "in_reply_to_screen_name": null, "quote_count": 16, "geo": null, "retweet_count": 282, "lang": "en", "in_reply_to_user_id_str": null, "in_reply_to_status_id": null, "filter_level": "low", "created_at": "Sun Oct 29 13:38:01 +0000 2017", "favorited": false, "in_reply_to_status_id_str": null, "place": null, "text": "Despite conflict of interest concerns with foreign governments: #Trump sons to launch real estate project in India https://t.co/Z9T9XXk5ze", "user": {"profile_sidebar_border_color": "C0DEED", "geo_enabled": false, "profile_background_image_url": "", "profile_background_tile": false, "profile_banner_url": "https://pbs.twimg.com/profile_banners/731132367058968576/1477833751", "description": "@JoyAnnReid hosts 'AM JOY' every Saturday and Sunday, 10 am-12 pm ET on @msnbc. Follow the stimulating conversation on #AMJoy. Find Joy on Snapchat: joyannreid", "follow_request_sent": null, "profile_background_color": "F5F8FA", "notifications": null, "profile_link_color": "1DA1F2", "translator_type": "none", "friends_count": 1563, "statuses_count": 13050, "lang": "en", "location": "New York, NY", "default_profile_image": false, "is_translator": false, "followers_count": 211614, "contributors_enabled": false, "created_at": "Fri May 13 14:41:54 +0000 2016", "screen_name": "amjoyshow", "following": null, "favourites_count": 972, "default_profile": true, "id_str": "731132367058968576", "verified": true, "profile_image_url": "http://pbs.twimg.com/profile_images/792717505097822213/I1MqzYtD_normal.jpg", "listed_count": 1567, "name": "AM Joy w/Joy Reid", "utc_offset": -25200, "profile_image_url_https": "https://pbs.twimg.com/profile_images/792717505097822213/I1MqzYtD_normal.jpg", "profile_background_image_url_https": "", "profile_use_background_image": true, "profile_sidebar_fill_color": "DDEEF6", "url": "http://joy.msnbc.com", "profile_text_color": "333333", "protected": false, "id": 731132367058968576, "time_zone": "Pacific Time (US & Canada)"}, "id_str": "924631409649700864", "entities": {"symbols": [], "urls": [{"indices": [115, 138], "display_url": "thehill.com/blogs/blog-bri\u2026", "expanded_url": "http://thehill.com/blogs/blog-briefing-room/news/357642-trump-sons-to-launch-real-estate-project-in-india#.WfXOFqgTcI8.twitter", "url": "https://t.co/Z9T9XXk5ze"}], "hashtags": [{"indices": [64, 70], "text": "Trump"}], "user_mentions": []}, "is_quote_status": false, "favorite_count": 270, "retweeted": false, "reply_count": 55, "truncated": false, "id": 924631409649700864, "source": "<a href=\"http://twitter.com\" rel=\"nofollow\">Twitter Web Client</a>"}, "retweet_count": 0, "timestamp_ms": "1509292668928", "lang": "en", "in_reply_to_user_id_str": null, "in_reply_to_status_id": null, "filter_level": "low", "created_at": "Sun Oct 29 15:57:48 +0000 2017", "favorited": false, "in_reply_to_status_id_str": null, "place": null, "text": "RT @amjoyshow: Despite conflict of interest concerns with foreign governments: #Trump sons to launch real estate project in India https://t\u2026", "user": {"profile_sidebar_border_color": "000000", "geo_enabled": false, "profile_background_image_url": "http://abs.twimg.com/images/themes/theme1/bg.png", "profile_background_tile": false, "profile_banner_url": "https://pbs.twimg.com/profile_banners/809781690054934528/1486763642", "description": "\ud83c\udff3\ufe0f\u200d\ud83c\udf08Member in #TheResistance \nRT Hypothesis/Proof/Stories to TVPapers/Congress/ Agencies.", "follow_request_sent": null, "profile_background_color": "000000", "notifications": null, "profile_link_color": "981CEB", "translator_type": "none", "friends_count": 622, "statuses_count": 28223, "lang": "en", "location": "Baltimore, MD", "default_profile_image": false, "is_translator": false, "followers_count": 635, "contributors_enabled": false, "created_at": "Fri Dec 16 15:26:14 +0000 2016", "screen_name": "mrobinson69", "following": null, "favourites_count": 14003, "default_profile": false, "id_str": "809781690054934528", "verified": false, "profile_image_url": "http://pbs.twimg.com/profile_images/907621970732359680/Y6nrpl4r_normal.jpg", "listed_count": 10, "name": "Braunish", "utc_offset": -25200, "profile_image_url_https": "https://pbs.twimg.com/profile_images/907621970732359680/Y6nrpl4r_normal.jpg", "profile_background_image_url_https": "https://abs.twimg.com/images/themes/theme1/bg.png", "profile_use_background_image": false, "profile_sidebar_fill_color": "000000", "url": null, "profile_text_color": "000000", "protected": false, "id": 809781690054934528, "time_zone": "Pacific Time (US & Canada)"}, "id_str": "924666588913197057", "entities": {"symbols": [], "urls": [], "hashtags": [{"indices": [79, 85], "text": "Trump"}], "user_mentions": [{"id_str": "731132367058968576", "screen_name": "amjoyshow", "id": 731132367058968576, "name": "AM Joy w/Joy Reid", "indices": [3, 13]}]}, "is_quote_status": false, "favorite_count": 0, "retweeted": false, "reply_count": 0, "truncated": false, "id": 924666588913197057, "source": "<a href=\"http://twitter.com\" rel=\"nofollow\">Twitter Web Client</a>"}{"possibly_sensitive": false, "contributors": null, "coordinates": null, "in_reply_to_user_id": null, "in_reply_to_screen_name": null, "quote_count": 0, "geo": null, "retweet_count": 0, "timestamp_ms": "1509292669618", "lang": "en", "in_reply_to_user_id_str": null, "in_reply_to_status_id": null, "filter_level": "low", "created_at": "Sun Oct 29 15:57:49 +0000 2017", "favorited": false, "in_reply_to_status_id_str": null, "place": null, "text": "Didn't take long for the NY Toilet Rag to react. https://t.co/OLawD4IR36\n#Mueller #Trump", "user": {"profile_sidebar_border_color": "FFFFFF", "geo_enabled": true, "profile_background_image_url": "http://pbs.twimg.com/profile_background_images/529870225869533184/WqWGhaa9.jpeg", "profile_background_tile": true, "profile_banner_url": "https://pbs.twimg.com/profile_banners/14083108/1405545649", "description": "Product designer from \ud83c\uddf1\ud83c\uddfb. Ex-Google, now startups. Love \u270d\ufe0f\u26bd\ud83c\udfd2\ud83c\udfb6\ud83c\udfa5\ud83c\udf0c\u2708\ufe0f. Climbed \u26f0\ufe0f Everest... base \u26fa. \ud83d\ude43 fan = don't take everything I say seriously.", "follow_request_sent": null, "profile_background_color": "89C9FA", "notifications": null, "profile_link_color": "FA743E", "translator_type": "none", "friends_count": 1204, "statuses_count": 11993, "lang": "en", "location": "Boston | U.S.A.", "default_profile_image": false, "is_translator": false, "followers_count": 675, "contributors_enabled": false, "created_at": "Wed Mar 05 13:55:24 +0000 2008", "screen_name": "MaratRyndin", "following": null, "favourites_count": 3502, "default_profile": false, "id_str": "14083108", "verified": false, "profile_image_url": "http://pbs.twimg.com/profile_images/912314338526027777/pWLseq9Y_normal.jpg", "listed_count": 119, "name": "\ud83c\udd7c\ud83c\udd70\ud83c\udd81\ud83c\udd70\ud83c\udd83", "utc_offset": -14400, "profile_image_url_https": "https://pbs.twimg.com/profile_images/912314338526027777/pWLseq9Y_normal.jpg", "profile_background_image_url_https": "https://pbs.twimg.com/profile_background_images/529870225869533184/WqWGhaa9.jpeg", "profile_use_background_image": true, "profile_sidebar_fill_color": "252429", "url": "http://about.me/MaratRyndin", "profile_text_color": "666666", "protected": false, "id": 14083108, "time_zone": "Eastern Time (US & Canada)"}, "id_str": "924666591807188993", "entities": {"symbols": [], "urls": [{"indices": [49, 72], "display_url": "nypost.com/2017/10/28/rob\u2026", "expanded_url": "http://nypost.com/2017/10/28/robert-mueller-should-resign/", "url": "https://t.co/OLawD4IR36"}], "hashtags": [{"indices": [73, 81], "text": "Mueller"}, {"indices": [82, 88], "text": "Trump"}], "user_mentions": []}, "is_quote_status": false, "favorite_count": 0, "retweeted": false, "reply_count": 0, "truncated": false, "id": 924666591807188993, "source": "<a href=\"http://twitter.com/download/android\" rel=\"nofollow\">Twitter for Android</a>"}{"possibly_sensitive": false, "contributors": null, "coordinates": null, "in_reply_to_user_id": null, "in_reply_to_screen_name": null, "quote_count": 0, "geo": null, "retweet_count": 0, "timestamp_ms": "1509292670474", "lang": "en", "in_reply_to_user_id_str": null, "in_reply_to_status_id": null, "filter_level": "low", "created_at": "Sun Oct 29 15:57:50 +0000 2017", "favorited": false, "in_reply_to_status_id_str": null, "place": null, "text": "#Trump #calls for investigation into #Clinton ties to dossier... https://t.co/b0gjY1yriP", "user": {"profile_sidebar_border_color": "C0DEED", "geo_enabled": false, "profile_background_image_url": "http://abs.twimg.com/images/themes/theme1/bg.png", "profile_background_tile": false, "description": null, "follow_request_sent": null, "profile_background_color": "C0DEED", "notifications": null, "profile_link_color": "1DA1F2", "translator_type": "none", "friends_count": 21, "statuses_count": 30231, "lang": "en", "location": "Florida, USA", "default_profile_image": false, "is_translator": false, "followers_count": 136039, "contributors_enabled": false, "created_at": "Thu May 17 19:48:27 +0000 2012", "screen_name": "BeltwayPundit", "following": null, "favourites_count": 273, "default_profile": true, "id_str": "583162248", "verified": false, "profile_image_url": "http://pbs.twimg.com/profile_images/798945980221685765/MXEWFGsT_normal.jpg", "listed_count": 198, "name": "Beltway Pundit", "utc_offset": -14400, "profile_image_url_https": "https://pbs.twimg.com/profile_images/798945980221685765/MXEWFGsT_normal.jpg", "profile_background_image_url_https": "https://abs.twimg.com/images/themes/theme1/bg.png", "profile_use_background_image": true, "profile_sidebar_fill_color": "DDEEF6", "url": null, "profile_text_color": "333333", "protected": false, "id": 583162248, "time_zone": "Eastern Time (US & Canada)"}, "id_str": "924666595397468160", "entities": {"symbols": [], "urls": [{"indices": [65, 88], "display_url": "nypost.com/2017/10/29/tru\u2026", "expanded_url": "http://nypost.com/2017/10/29/trump-demands-republicans-do-something-in-twitter-meltdown/", "url": "https://t.co/b0gjY1yriP"}], "hashtags": [{"indices": [0, 6], "text": "Trump"}, {"indices": [7, 13], "text": "calls"}, {"indices": [37, 45], "text": "Clinton"}], "user_mentions": []}, "is_quote_status": false, "favorite_count": 0, "retweeted": false, "reply_count": 0, "truncated": false, "id": 924666595397468160, "source": "<a href=\"http://www.thebeltwaypundit.com\" rel=\"nofollow\">PostFromMyMac</a>"}{"contributors": null, "coordinates": null, "in_reply_to_user_id": null, "in_reply_to_screen_name": null, "quote_count": 0, "geo": null, "retweeted_status": {"possibly_sensitive": false, "contributors": null, "coordinates": null, "favorited": false, "in_reply_to_user_id": null, "in_reply_to_screen_name": null, "quote_count": 54, "geo": null, "retweet_count": 1513, "lang": "en", "in_reply_to_user_id_str": null, "in_reply_to_status_id": null, "filter_level": "low", "display_text_range": [0, 140], "created_at": "Sun Oct 29 01:10:08 +0000 2017", "extended_tweet": {"extended_entities": {"media": [{"media_url": "http://pbs.twimg.com/ext_tw_video_thumb/924442785289093120/pu/img/dwc_YsfnpsGOM6p7.jpg", "sizes": {"thumb": {"w": 150, "h": 150, "resize": "crop"}, "small": {"w": 340, "h": 191, "resize": "fit"}, "medium": {"w": 600, "h": 338, "resize": "fit"}, "large": {"w": 1024, "h": 576, "resize": "fit"}}, "video_info": {"variants": [{"url": "https://video.twimg.com/ext_tw_video/924442785289093120/pu/vid/1280x720/4jSxf_TvGv4mmahM.mp4", "bitrate": 2176000, "content_type": "video/mp4"}, {"url": "https://video.twimg.com/ext_tw_video/924442785289093120/pu/vid/640x360/ZrTiwFgduc2fMSV3.mp4", "bitrate": 832000, "content_type": "video/mp4"}, {"url": "https://video.twimg.com/ext_tw_video/924442785289093120/pu/pl/03ZDPTqaZEML3uSN.m3u8", "content_type": "application/x-mpegURL"}, {"url": "https://video.twimg.com/ext_tw_video/924442785289093120/pu/vid/320x180/NoJa-LY-rMtGCv2I.mp4", "bitrate": 320000, "content_type": "video/mp4"}], "aspect_ratio": [16, 9], "duration_millis": 138467}, "indices": [141, 164], "type": "video", "media_url_https": "https://pbs.twimg.com/ext_tw_video_thumb/924442785289093120/pu/img/dwc_YsfnpsGOM6p7.jpg", "id_str": "924442785289093120", "display_url": "pic.twitter.com/MKySAfFyXW", "url": "https://t.co/MKySAfFyXW", "id": 924442785289093120, "expanded_url": "https://twitter.com/DonnaWR8/status/924443200156299264/video/1"}]}, "display_text_range": [0, 140], "full_text": "\ud83d\udd01RT\nThe Wall Street\ud83d\udddeJournal saying now...POINT BLANK... #Mueller needs to step down due to conflicts of interests.\n\n#UraniumOne #MAGA #TRUMP https://t.co/MKySAfFyXW", "entities": {"media": [{"media_url": "http://pbs.twimg.com/ext_tw_video_thumb/924442785289093120/pu/img/dwc_YsfnpsGOM6p7.jpg", "sizes": {"thumb": {"w": 150, "h": 150, "resize": "crop"}, "small": {"w": 340, "h": 191, "resize": "fit"}, "medium": {"w": 600, "h": 338, "resize": "fit"}, "large": {"w": 1024, "h": 576, "resize": "fit"}}, "video_info": {"variants": [{"url": "https://video.twimg.com/ext_tw_video/924442785289093120/pu/vid/1280x720/4jSxf_TvGv4mmahM.mp4", "bitrate": 2176000, "content_type": "video/mp4"}, {"url": "https://video.twimg.com/ext_tw_video/924442785289093120/pu/vid/640x360/ZrTiwFgduc2fMSV3.mp4", "bitrate": 832000, "content_type": "video/mp4"}, {"url": "https://video.twimg.com/ext_tw_video/924442785289093120/pu/pl/03ZDPTqaZEML3uSN.m3u8", "content_type": "application/x-mpegURL"}, {"url": "https://video.twimg.com/ext_tw_video/924442785289093120/pu/vid/320x180/NoJa-LY-rMtGCv2I.mp4", "bitrate": 320000, "content_type": "video/mp4"}], "aspect_ratio": [16, 9], "duration_millis": 138467}, "indices": [141, 164], "type": "video", "media_url_https": "https://pbs.twimg.com/ext_tw_video_thumb/924442785289093120/pu/img/dwc_YsfnpsGOM6p7.jpg", "id_str": "924442785289093120", "display_url": "pic.twitter.com/MKySAfFyXW", "url": "https://t.co/MKySAfFyXW", "id": 924442785289093120, "expanded_url": "https://twitter.com/DonnaWR8/status/924443200156299264/video/1"}], "symbols": [], "urls": [], "hashtags": [{"indices": [56, 64], "text": "Mueller"}, {"indices": [116, 127], "text": "UraniumOne"}, {"indices": [128, 133], "text": "MAGA"}, {"indices": [134, 140], "text": "TRUMP"}], "user_mentions": []}}, "in_reply_to_status_id_str": null, "place": null, "text": "\ud83d\udd01RT\nThe Wall Street\ud83d\udddeJournal saying now...POINT BLANK... #Mueller needs to step down due to conflicts of interests.\u2026 https://t.co/xs1JRY8pEW", "user": {"profile_sidebar_border_color": "C0DEED", "geo_enabled": false, "profile_background_image_url": "http://abs.twimg.com/images/themes/theme1/bg.png", "profile_background_tile": false, "profile_banner_url": "https://pbs.twimg.com/profile_banners/2922345639/1499305430", "description": "Humor | Political Activist | Delegate | Published Photographer & Writer | Credited Furniture Designer | Former Wakeboard Champion | \ud83d\udc3e Advocate | \ud83d\udd01RT\u2019d by DJT", "follow_request_sent": null, "profile_background_color": "C0DEED", "notifications": null, "profile_link_color": "1DA1F2", "translator_type": "none", "friends_count": 8571, "statuses_count": 71747, "lang": "en", "location": null, "default_profile_image": false, "is_translator": false, "followers_count": 46473, "contributors_enabled": false, "created_at": "Mon Dec 15 03:30:20 +0000 2014", "screen_name": "DonnaWR8", "following": null, "favourites_count": 66725, "default_profile": true, "id_str": "2922345639", "verified": false, "profile_image_url": "http://pbs.twimg.com/profile_images/900549889465221120/Sc7bU99__normal.jpg", "listed_count": 193, "name": "DONNA WARREN \ud83c\uddfa\ud83c\uddf8", "utc_offset": -18000, "profile_image_url_https": "https://pbs.twimg.com/profile_images/900549889465221120/Sc7bU99__normal.jpg", "profile_background_image_url_https": "https://abs.twimg.com/images/themes/theme1/bg.png", "profile_use_background_image": true, "profile_sidebar_fill_color": "DDEEF6", "url": "http://WhiteHouse.gov", "profile_text_color": "333333", "protected": false, "id": 2922345639, "time_zone": "Central Time (US & Canada)"}, "id_str": "924443200156299264", "entities": {"symbols": [], "urls": [{"indices": [116, 139], "display_url": "twitter.com/i/web/status/9\u2026", "expanded_url": "https://twitter.com/i/web/status/924443200156299264", "url": "https://t.co/xs1JRY8pEW"}], "hashtags": [{"indices": [56, 64], "text": "Mueller"}], "user_mentions": []}, "is_quote_status": false, "favorite_count": 1865, "retweeted": false, "reply_count": 95, "truncated": true, "id": 924443200156299264, "source": "<a href=\"http://twitter.com/download/iphone\" rel=\"nofollow\">Twitter for iPhone</a>"}, "retweet_count": 0, "timestamp_ms": "1509292670643", "lang": "en", "in_reply_to_user_id_str": null, "in_reply_to_status_id": null, "filter_level": "low", "created_at": "Sun Oct 29 15:57:50 +0000 2017", "favorited": false, "in_reply_to_status_id_str": null, "place": null, "text": "RT @DonnaWR8: \ud83d\udd01RT\nThe Wall Street\ud83d\udddeJournal saying now...POINT BLANK... #Mueller needs to step down due to conflicts of interests.\u2026 ", "user": {"profile_sidebar_border_color": "C0DEED", "geo_enabled": false, "profile_background_image_url": "", "profile_background_tile": false, "profile_banner_url": "https://pbs.twimg.com/profile_banners/813043530730012672/1501782954", "description": null, "follow_request_sent": null, "profile_background_color": "F5F8FA", "notifications": null, "profile_link_color": "1DA1F2", "translator_type": "none", "friends_count": 1670, "statuses_count": 5884, "lang": "en", "location": null, "default_profile_image": false, "is_translator": false, "followers_count": 737, "contributors_enabled": false, "created_at": "Sun Dec 25 15:27:38 +0000 2016", "screen_name": "SouthernGrace3", "following": null, "favourites_count": 5436, "default_profile": true, "id_str": "813043530730012672", "verified": false, "profile_image_url": "http://pbs.twimg.com/profile_images/893168569004851201/0hj1i1st_normal.jpg", "listed_count": 1, "name": "Southern Grace", "utc_offset": null, "profile_image_url_https": "https://pbs.twimg.com/profile_images/893168569004851201/0hj1i1st_normal.jpg", "profile_background_image_url_https": "", "profile_use_background_image": true, "profile_sidebar_fill_color": "DDEEF6", "url": null, "profile_text_color": "333333", "protected": false, "id": 813043530730012672, "time_zone": null}, "id_str": "924666596106362880", "entities": {"symbols": [], "urls": [], "hashtags": [{"indices": [70, 78], "text": "Mueller"}], "user_mentions": [{"id_str": "2922345639", "screen_name": "DonnaWR8", "id": 2922345639, "name": "DONNA WARREN \ud83c\uddfa\ud83c\uddf8", "indices": [3, 12]}]}, "is_quote_status": false, "favorite_count": 0, "retweeted": false, "reply_count": 0, "truncated": false, "id": 924666596106362880, "source": "<a href=\"http://twitter.com/download/android\" rel=\"nofollow\">Twitter for Android</a>"}{"contributors": null, "coordinates": null, "in_reply_to_user_id": null, "in_reply_to_screen_name": null, "quote_count": 0, "geo": null, "retweeted_status": {"possibly_sensitive": false, "contributors": null, "coordinates": null, "favorited": false, "in_reply_to_user_id": null, "in_reply_to_screen_name": null, "quote_count": 15, "geo": null, "retweet_count": 276, "lang": "en", "in_reply_to_user_id_str": null, "in_reply_to_status_id": null, "filter_level": "low", "display_text_range": [0, 140], "created_at": "Sat Oct 21 22:51:54 +0000 2017", "extended_tweet": {"extended_entities": {"media": [{"media_url": "http://pbs.twimg.com/media/DMsla9LX4AAAG9f.jpg", "sizes": {"thumb": {"w": 150, "h": 150, "resize": "crop"}, "small": {"w": 500, "h": 364, "resize": "fit"}, "medium": {"w": 500, "h": 364, "resize": "fit"}, "large": {"w": 500, "h": 364, "resize": "fit"}}, "indices": [141, 164], "type": "photo", "media_url_https": "https://pbs.twimg.com/media/DMsla9LX4AAAG9f.jpg", "id_str": "921871693756489728", "display_url": "pic.twitter.com/GyboQ7Wh4L", "url": "https://t.co/GyboQ7Wh4L", "id": 921871693756489728, "expanded_url": "https://twitter.com/wmmII88/status/921871697388679168/photo/1"}]}, "display_text_range": [0, 140], "full_text": "#DeepState put #Bush on stage this week, to attack our president, for a reason. #JFK was a hero they want forgotten. \n#JFKfiles #MAGA #Trump https://t.co/GyboQ7Wh4L", "entities": {"media": [{"media_url": "http://pbs.twimg.com/media/DMsla9LX4AAAG9f.jpg", "sizes": {"thumb": {"w": 150, "h": 150, "resize": "crop"}, "small": {"w": 500, "h": 364, "resize": "fit"}, "medium": {"w": 500, "h": 364, "resize": "fit"}, "large": {"w": 500, "h": 364, "resize": "fit"}}, "indices": [141, 164], "type": "photo", "media_url_https": "https://pbs.twimg.com/media/DMsla9LX4AAAG9f.jpg", "id_str": "921871693756489728", "display_url": "pic.twitter.com/GyboQ7Wh4L", "url": "https://t.co/GyboQ7Wh4L", "id": 921871693756489728, "expanded_url": "https://twitter.com/wmmII88/status/921871697388679168/photo/1"}], "symbols": [], "urls": [], "hashtags": [{"indices": [0, 10], "text": "DeepState"}, {"indices": [15, 20], "text": "Bush"}, {"indices": [80, 84], "text": "JFK"}, {"indices": [118, 127], "text": "JFKfiles"}, {"indices": [128, 133], "text": "MAGA"}, {"indices": [134, 140], "text": "Trump"}], "user_mentions": []}}, "in_reply_to_status_id_str": null, "place": null, "text": "#DeepState put #Bush on stage this week, to attack our president, for a reason. #JFK was a hero they want forgotten\u2026 https://t.co/c7Oq3Jxw9Z", "user": {"profile_sidebar_border_color": "000000", "geo_enabled": true, "profile_background_image_url": "http://abs.twimg.com/images/themes/theme1/bg.png", "profile_background_tile": false, "profile_banner_url": "https://pbs.twimg.com/profile_banners/292677542/1502536609", "description": "#MAGA | #Trump | #DrainTheSwamp | #2A | #NRA | #LockHerUp | @theDonaldReddit \ud83d\udc38 \nFollowed by @GOP @Scaramucci @RealOmarNavarro @Harlan @getongab @Angelluisr", "follow_request_sent": null, "profile_background_color": "000000", "notifications": null, "profile_link_color": "91D2FA", "translator_type": "none", "friends_count": 22833, "statuses_count": 17194, "lang": "en", "location": "USA", "default_profile_image": false, "is_translator": false, "followers_count": 22987, "contributors_enabled": false, "created_at": "Wed May 04 01:40:26 +0000 2011", "screen_name": "wmmII88", "following": null, "favourites_count": 21649, "default_profile": false, "id_str": "292677542", "verified": false, "profile_image_url": "http://pbs.twimg.com/profile_images/856303075589574657/m34Jtx-g_normal.jpg", "listed_count": 144, "name": "Wild Bill", "utc_offset": -18000, "profile_image_url_https": "https://pbs.twimg.com/profile_images/856303075589574657/m34Jtx-g_normal.jpg", "profile_background_image_url_https": "https://abs.twimg.com/images/themes/theme1/bg.png", "profile_use_background_image": false, "profile_sidebar_fill_color": "000000", "url": null, "profile_text_color": "000000", "protected": false, "id": 292677542, "time_zone": "Central Time (US & Canada)"}, "id_str": "921871697388679168", "entities": {"symbols": [], "urls": [{"indices": [117, 140], "display_url": "twitter.com/i/web/status/9\u2026", "expanded_url": "https://twitter.com/i/web/status/921871697388679168", "url": "https://t.co/c7Oq3Jxw9Z"}], "hashtags": [{"indices": [0, 10], "text": "DeepState"}, {"indices": [15, 20], "text": "Bush"}, {"indices": [80, 84], "text": "JFK"}], "user_mentions": []}, "is_quote_status": false, "favorite_count": 377, "retweeted": false, "reply_count": 24, "truncated": true, "id": 921871697388679168, "source": "<a href=\"http://twitter.com/download/android\" rel=\"nofollow\">Twitter for Android</a>"}, "retweet_count": 0, "timestamp_ms": "1509292671545", "lang": "en", "in_reply_to_user_id_str": null, "in_reply_to_status_id": null, "filter_level": "low", "created_at": "Sun Oct 29 15:57:51 +0000 2017", "favorited": false, "in_reply_to_status_id_str": null, "place": null, "text": "RT @wmmII88: #DeepState put #Bush on stage this week, to attack our president, for a reason. #JFK was a hero they want forgotten\u2026 ", "user": {"profile_sidebar_border_color": "000000", "geo_enabled": false, "profile_background_image_url": "http://abs.twimg.com/images/themes/theme1/bg.png", "profile_background_tile": false, "profile_banner_url": "https://pbs.twimg.com/profile_banners/387693456/1497959682", "description": "26 years old Czech.  Graduate of the College of Physics and Computer science -  Amateur photographer and 3D/2D graphic designer", "follow_request_sent": null, "profile_background_color": "000000", "notifications": null, "profile_link_color": "91D2FA", "translator_type": "none", "friends_count": 142, "statuses_count": 660, "lang": "en", "location": "Czech Republic", "default_profile_image": false, "is_translator": false, "followers_count": 214, "contributors_enabled": false, "created_at": "Sun Oct 09 14:17:50 +0000 2011", "screen_name": "JovanovicFilip", "following": null, "favourites_count": 1581, "default_profile": false, "id_str": "387693456", "verified": false, "profile_image_url": "http://pbs.twimg.com/profile_images/877134929406173184/Fco2hYn0_normal.jpg", "listed_count": 2, "name": "Filip Jovanovic", "utc_offset": null, "profile_image_url_https": "https://pbs.twimg.com/profile_images/877134929406173184/Fco2hYn0_normal.jpg", "profile_background_image_url_https": "https://abs.twimg.com/images/themes/theme1/bg.png", "profile_use_background_image": false, "profile_sidebar_fill_color": "000000", "url": "https://www.instagram.com/thefilipj/", "profile_text_color": "000000", "protected": false, "id": 387693456, "time_zone": null}, "id_str": "924666599889686528", "entities": {"symbols": [], "urls": [], "hashtags": [{"indices": [13, 23], "text": "DeepState"}, {"indices": [28, 33], "text": "Bush"}, {"indices": [93, 97], "text": "JFK"}], "user_mentions": [{"id_str": "292677542", "screen_name": "wmmII88", "id": 292677542, "name": "Wild Bill", "indices": [3, 11]}]}, "is_quote_status": false, "favorite_count": 0, "retweeted": false, "reply_count": 0, "truncated": false, "id": 924666599889686528, "source": "<a href=\"http://twitter.com\" rel=\"nofollow\">Twitter Web Client</a>"}{"possibly_sensitive": false, "contributors": null, "coordinates": null, "favorited": false, "in_reply_to_user_id": 4851614681, "in_reply_to_screen_name": "blazebandit2015", "quote_count": 0, "geo": null, "retweet_count": 0, "timestamp_ms": "1509292672131", "lang": "en", "in_reply_to_user_id_str": "4851614681", "in_reply_to_status_id": 924451943270854656, "filter_level": "low", "display_text_range": [27, 140], "created_at": "Sun Oct 29 15:57:52 +0000 2017", "extended_tweet": {"display_text_range": [27, 164], "full_text": "@blazebandit2015 @FBI @CNN by @bfry1981 THE ONE article going deepest/exposing most on #Trump #Russia #Putin ties PLZ SHR! #Cohen #Magnitsky https://t.co/cecRZ8asln", "entities": {"symbols": [], "urls": [{"indices": [141, 164], "display_url": "linkedin.com/pulse/think-yo\u2026", "expanded_url": "https://www.linkedin.com/pulse/think-you-know-how-deep-trump-russia-goes-again-blow-your-frydenborg/", "url": "https://t.co/cecRZ8asln"}], "hashtags": [{"indices": [87, 93], "text": "Trump"}, {"indices": [94, 101], "text": "Russia"}, {"indices": [102, 108], "text": "Putin"}, {"indices": [123, 129], "text": "Cohen"}, {"indices": [130, 140], "text": "Magnitsky"}], "user_mentions": [{"id_str": "4851614681", "screen_name": "blazebandit2015", "id": 4851614681, "name": "\ud83c\uddfa\ud83c\uddf8\u2638 Silas B. \u2693\ud83c\uddfa\ud83c\uddf8", "indices": [0, 16]}, {"id_str": "17629860", "screen_name": "FBI", "id": 17629860, "name": "FBI", "indices": [17, 21]}, {"id_str": "759251", "screen_name": "CNN", "id": 759251, "name": "CNN", "indices": [22, 26]}, {"id_str": "1106777071", "screen_name": "bfry1981", "id": 1106777071, "name": "Brian Frydenborg", "indices": [30, 39]}]}}, "in_reply_to_status_id_str": "924451943270854656", "place": null, "text": "@blazebandit2015 @FBI @CNN by @bfry1981 THE ONE article going deepest/exposing most on #Trump #Russia #Putin ties P\u2026 https://t.co/gXd5Th11Ie", "user": {"profile_sidebar_border_color": "BDDCAD", "geo_enabled": true, "profile_background_image_url": "http://abs.twimg.com/images/themes/theme16/bg.gif", "profile_background_tile": false, "profile_banner_url": "https://pbs.twimg.com/profile_banners/1106777071/1503965090", "description": "My niche is the intersection of policy/politics/conflict/history; freelance writer/journalist/consultant; context matters, assertions w/out data=noise, RT\u2260?", "follow_request_sent": null, "profile_background_color": "9AE4E8", "notifications": null, "profile_link_color": "0084B4", "translator_type": "none", "friends_count": 2224, "statuses_count": 60230, "lang": "en", "location": "Amman, Jordan", "default_profile_image": false, "is_translator": false, "followers_count": 1516, "contributors_enabled": false, "created_at": "Sun Jan 20 17:12:57 +0000 2013", "screen_name": "bfry1981", "following": null, "favourites_count": 22120, "default_profile": false, "id_str": "1106777071", "verified": false, "profile_image_url": "http://pbs.twimg.com/profile_images/801193699678060544/60xpoaAw_normal.jpg", "listed_count": 210, "name": "Brian Frydenborg", "utc_offset": 7200, "profile_image_url_https": "https://pbs.twimg.com/profile_images/801193699678060544/60xpoaAw_normal.jpg", "profile_background_image_url_https": "https://abs.twimg.com/images/themes/theme16/bg.gif", "profile_use_background_image": true, "profile_sidebar_fill_color": "DDFFCC", "url": "http://www.brianfrydenborg.com/", "profile_text_color": "333333", "protected": false, "id": 1106777071, "time_zone": "Jerusalem"}, "id_str": "924666602347421696", "entities": {"symbols": [], "urls": [{"indices": [117, 140], "display_url": "twitter.com/i/web/status/9\u2026", "expanded_url": "https://twitter.com/i/web/status/924666602347421696", "url": "https://t.co/gXd5Th11Ie"}], "hashtags": [{"indices": [87, 93], "text": "Trump"}, {"indices": [94, 101], "text": "Russia"}, {"indices": [102, 108], "text": "Putin"}], "user_mentions": [{"id_str": "4851614681", "screen_name": "blazebandit2015", "id": 4851614681, "name": "\ud83c\uddfa\ud83c\uddf8\u2638 Silas B. \u2693\ud83c\uddfa\ud83c\uddf8", "indices": [0, 16]}, {"id_str": "17629860", "screen_name": "FBI", "id": 17629860, "name": "FBI", "indices": [17, 21]}, {"id_str": "759251", "screen_name": "CNN", "id": 759251, "name": "CNN", "indices": [22, 26]}, {"id_str": "1106777071", "screen_name": "bfry1981", "id": 1106777071, "name": "Brian Frydenborg", "indices": [30, 39]}]}, "is_quote_status": false, "favorite_count": 0, "retweeted": false, "reply_count": 0, "truncated": true, "id": 924666602347421696, "source": "<a href=\"http://twitter.com\" rel=\"nofollow\">Twitter Web Client</a>"}{"contributors": null, "coordinates": null, "in_reply_to_user_id": null, "in_reply_to_screen_name": null, "quote_count": 0, "geo": null, "retweeted_status": {"contributors": null, "coordinates": null, "in_reply_to_user_id": null, "in_reply_to_screen_name": null, "quote_count": 64, "geo": null, "retweet_count": 1954, "lang": "en", "in_reply_to_user_id_str": null, "in_reply_to_status_id": null, "filter_level": "low", "created_at": "Sat Oct 28 15:12:50 +0000 2017", "favorited": false, "in_reply_to_status_id_str": null, "place": null, "text": "Why would #Putin want #Trump as President when he can pay off #Hillary and get what he wants and he did. A small price to pay as well.", "user": {"profile_sidebar_border_color": "C0DEED", "geo_enabled": false, "profile_background_image_url": "http://pbs.twimg.com/profile_background_images/536666221/Constitution_Day_2011.jpg", "profile_background_tile": false, "profile_banner_url": "https://pbs.twimg.com/profile_banners/462104542/1499952548", "description": "Hollywood Conservative, Love Connection Host, Back in Two and Two, Fisherman, Navy Vet, Political Activist. Host of Blunt Force Truth w/ @markyoungtruth", "follow_request_sent": null, "profile_background_color": "200E82", "notifications": null, "profile_link_color": "0084B4", "translator_type": "none", "friends_count": 2976, "statuses_count": 49039, "lang": "en", "location": "Texas", "default_profile_image": false, "is_translator": false, "followers_count": 307550, "contributors_enabled": false, "created_at": "Thu Jan 12 15:30:41 +0000 2012", "screen_name": "chuckwoolery", "following": null, "favourites_count": 8519, "default_profile": false, "id_str": "462104542", "verified": true, "profile_image_url": "http://pbs.twimg.com/profile_images/1764172727/Chuck_Headshot_normal.jpg", "listed_count": 3252, "name": "Chuck Woolery", "utc_offset": -18000, "profile_image_url_https": "https://pbs.twimg.com/profile_images/1764172727/Chuck_Headshot_normal.jpg", "profile_background_image_url_https": "https://pbs.twimg.com/profile_background_images/536666221/Constitution_Day_2011.jpg", "profile_use_background_image": true, "profile_sidebar_fill_color": "DDEEF6", "url": "http://bluntforcetruth.com/", "profile_text_color": "333333", "protected": false, "id": 462104542, "time_zone": "Central Time (US & Canada)"}, "id_str": "924292881820606466", "entities": {"symbols": [], "urls": [], "hashtags": [{"indices": [10, 16], "text": "Putin"}, {"indices": [22, 28], "text": "Trump"}, {"indices": [62, 70], "text": "Hillary"}], "user_mentions": []}, "is_quote_status": false, "favorite_count": 4198, "retweeted": false, "reply_count": 177, "truncated": false, "id": 924292881820606466, "source": "<a href=\"http://twitter.com\" rel=\"nofollow\">Twitter Web Client</a>"}, "retweet_count": 0, "timestamp_ms": "1509292674321", "lang": "en", "in_reply_to_user_id_str": null, "in_reply_to_status_id": null, "filter_level": "low", "created_at": "Sun Oct 29 15:57:54 +0000 2017", "favorited": false, "in_reply_to_status_id_str": null, "place": null, "text": "RT @chuckwoolery: Why would #Putin want #Trump as President when he can pay off #Hillary and get what he wants and he did. A small price to\u2026", "user": {"profile_sidebar_border_color": "5ED4DC", "geo_enabled": true, "profile_background_image_url": "http://abs.twimg.com/images/themes/theme4/bg.gif", "profile_background_tile": false, "profile_banner_url": "https://pbs.twimg.com/profile_banners/15293839/1509039472", "description": "MAGA Trump is my president. Proud American. Website owner.", "follow_request_sent": null, "profile_background_color": "0099B9", "notifications": null, "profile_link_color": "0099B9", "translator_type": "none", "friends_count": 5001, "statuses_count": 92046, "lang": "en", "location": "Texas", "default_profile_image": false, "is_translator": false, "followers_count": 3641, "contributors_enabled": false, "created_at": "Wed Jul 02 01:25:19 +0000 2008", "screen_name": "mikecrooks", "following": null, "favourites_count": 11517, "default_profile": false, "id_str": "15293839", "verified": false, "profile_image_url": "http://pbs.twimg.com/profile_images/77210538/DSC00116_normal.JPG", "listed_count": 112, "name": "NOTyourBOT", "utc_offset": -18000, "profile_image_url_https": "https://pbs.twimg.com/profile_images/77210538/DSC00116_normal.JPG", "profile_background_image_url_https": "https://abs.twimg.com/images/themes/theme4/bg.gif", "profile_use_background_image": true, "profile_sidebar_fill_color": "95E8EC", "url": "http://www.justclicktobuy.com", "profile_text_color": "3C3940", "protected": false, "id": 15293839, "time_zone": "Central Time (US & Canada)"}, "id_str": "924666611533049857", "entities": {"symbols": [], "urls": [], "hashtags": [{"indices": [28, 34], "text": "Putin"}, {"indices": [40, 46], "text": "Trump"}, {"indices": [80, 88], "text": "Hillary"}], "user_mentions": [{"id_str": "462104542", "screen_name": "chuckwoolery", "id": 462104542, "name": "Chuck Woolery", "indices": [3, 16]}]}, "is_quote_status": false, "favorite_count": 0, "retweeted": false, "reply_count": 0, "truncated": false, "id": 924666611533049857, "source": "<a href=\"http://twitter.com/download/android\" rel=\"nofollow\">Twitter for Android</a>"}{"possibly_sensitive": false, "contributors": null, "coordinates": null, "in_reply_to_user_id": null, "in_reply_to_screen_name": null, "quote_count": 0, "geo": null, "retweeted_status": {"possibly_sensitive": false, "contributors": null, "coordinates": null, "in_reply_to_user_id": null, "in_reply_to_screen_name": null, "quote_count": 34, "geo": null, "retweet_count": 330, "lang": "en", "in_reply_to_user_id_str": null, "in_reply_to_status_id": null, "filter_level": "low", "display_text_range": [0, 58], "created_at": "Sun Oct 29 14:06:18 +0000 2017", "favorited": false, "in_reply_to_status_id_str": null, "place": null, "text": "#Trump job performance numbers (@NBCNews/@WSJ poll) #AMJoy https://t.co/CQdWQfDaFL", "user": {"profile_sidebar_border_color": "C0DEED", "geo_enabled": false, "profile_background_image_url": "", "profile_background_tile": false, "profile_banner_url": "https://pbs.twimg.com/profile_banners/731132367058968576/1477833751", "description": "@JoyAnnReid hosts 'AM JOY' every Saturday and Sunday, 10 am-12 pm ET on @msnbc. Follow the stimulating conversation on #AMJoy. Find Joy on Snapchat: joyannreid", "follow_request_sent": null, "profile_background_color": "F5F8FA", "notifications": null, "profile_link_color": "1DA1F2", "translator_type": "none", "friends_count": 1563, "statuses_count": 13050, "lang": "en", "location": "New York, NY", "default_profile_image": false, "is_translator": false, "followers_count": 211615, "contributors_enabled": false, "created_at": "Fri May 13 14:41:54 +0000 2016", "screen_name": "amjoyshow", "following": null, "favourites_count": 972, "default_profile": true, "id_str": "731132367058968576", "verified": true, "profile_image_url": "http://pbs.twimg.com/profile_images/792717505097822213/I1MqzYtD_normal.jpg", "listed_count": 1567, "name": "AM Joy w/Joy Reid", "utc_offset": -25200, "profile_image_url_https": "https://pbs.twimg.com/profile_images/792717505097822213/I1MqzYtD_normal.jpg", "profile_background_image_url_https": "", "profile_use_background_image": true, "profile_sidebar_fill_color": "DDEEF6", "url": "http://joy.msnbc.com", "profile_text_color": "333333", "protected": false, "id": 731132367058968576, "time_zone": "Pacific Time (US & Canada)"}, "id_str": "924638525659770880", "extended_entities": {"media": [{"media_url": "http://pbs.twimg.com/media/DNT5yvFXkAAYoDF.jpg", "sizes": {"thumb": {"w": 150, "h": 150, "resize": "crop"}, "small": {"w": 680, "h": 382, "resize": "fit"}, "medium": {"w": 1140, "h": 640, "resize": "fit"}, "large": {"w": 1140, "h": 640, "resize": "fit"}}, "indices": [59, 82], "type": "photo", "media_url_https": "https://pbs.twimg.com/media/DNT5yvFXkAAYoDF.jpg", "id_str": "924638473545551872", "display_url": "pic.twitter.com/CQdWQfDaFL", "url": "https://t.co/CQdWQfDaFL", "id": 924638473545551872, "expanded_url": "https://twitter.com/amjoyshow/status/924638525659770880/photo/1"}]}, "entities": {"media": [{"media_url": "http://pbs.twimg.com/media/DNT5yvFXkAAYoDF.jpg", "sizes": {"thumb": {"w": 150, "h": 150, "resize": "crop"}, "small": {"w": 680, "h": 382, "resize": "fit"}, "medium": {"w": 1140, "h": 640, "resize": "fit"}, "large": {"w": 1140, "h": 640, "resize": "fit"}}, "indices": [59, 82], "type": "photo", "media_url_https": "https://pbs.twimg.com/media/DNT5yvFXkAAYoDF.jpg", "id_str": "924638473545551872", "display_url": "pic.twitter.com/CQdWQfDaFL", "url": "https://t.co/CQdWQfDaFL", "id": 924638473545551872, "expanded_url": "https://twitter.com/amjoyshow/status/924638525659770880/photo/1"}], "symbols": [], "urls": [], "hashtags": [{"indices": [0, 6], "text": "Trump"}, {"indices": [52, 58], "text": "AMJoy"}], "user_mentions": [{"id_str": "14173315", "screen_name": "NBCNews", "id": 14173315, "name": "NBC News", "indices": [32, 40]}, {"id_str": "3108351", "screen_name": "WSJ", "id": 3108351, "name": "Wall Street Journal", "indices": [41, 45]}]}, "is_quote_status": false, "favorite_count": 467, "retweeted": false, "reply_count": 64, "truncated": false, "id": 924638525659770880, "source": "<a href=\"http://twitter.com\" rel=\"nofollow\">Twitter Web Client</a>"}, "retweet_count": 0, "timestamp_ms": "1509292676860", "lang": "en", "in_reply_to_user_id_str": null, "in_reply_to_status_id": null, "filter_level": "low", "created_at": "Sun Oct 29 15:57:56 +0000 2017", "favorited": false, "in_reply_to_status_id_str": null, "place": null, "text": "RT @amjoyshow: #Trump job performance numbers (@NBCNews/@WSJ poll) #AMJoy https://t.co/CQdWQfDaFL", "user": {"profile_sidebar_border_color": "C0DEED", "geo_enabled": false, "profile_background_image_url": "http://abs.twimg.com/images/themes/theme1/bg.png", "profile_background_tile": false, "description": "Literacy Teacher                                                   \"The only thing necessary for evil to triumph is for good men..and women...to do nothing\"", "follow_request_sent": null, "profile_background_color": "C0DEED", "notifications": null, "profile_link_color": "1DA1F2", "translator_type": "none", "friends_count": 672, "statuses_count": 39133, "lang": "en", "location": null, "default_profile_image": false, "is_translator": false, "followers_count": 941, "contributors_enabled": false, "created_at": "Sat Oct 22 21:40:41 +0000 2011", "screen_name": "Targrimm", "following": null, "favourites_count": 25434, "default_profile": true, "id_str": "396181599", "verified": false, "profile_image_url": "http://pbs.twimg.com/profile_images/823026423900372992/9-F-7mVp_normal.jpg", "listed_count": 22, "name": "LoveLiteracy", "utc_offset": null, "profile_image_url_https": "https://pbs.twimg.com/profile_images/823026423900372992/9-F-7mVp_normal.jpg", "profile_background_image_url_https": "https://abs.twimg.com/images/themes/theme1/bg.png", "profile_use_background_image": true, "profile_sidebar_fill_color": "DDEEF6", "url": null, "profile_text_color": "333333", "protected": false, "id": 396181599, "time_zone": null}, "id_str": "924666622182379521", "extended_entities": {"media": [{"source_status_id": 924638525659770880, "source_user_id_str": "731132367058968576", "id_str": "924638473545551872", "url": "https://t.co/CQdWQfDaFL", "source_status_id_str": "924638525659770880", "media_url": "http://pbs.twimg.com/media/DNT5yvFXkAAYoDF.jpg", "sizes": {"thumb": {"w": 150, "h": 150, "resize": "crop"}, "small": {"w": 680, "h": 382, "resize": "fit"}, "medium": {"w": 1140, "h": 640, "resize": "fit"}, "large": {"w": 1140, "h": 640, "resize": "fit"}}, "type": "photo", "media_url_https": "https://pbs.twimg.com/media/DNT5yvFXkAAYoDF.jpg", "indices": [74, 97], "display_url": "pic.twitter.com/CQdWQfDaFL", "id": 924638473545551872, "source_user_id": 731132367058968576, "expanded_url": "https://twitter.com/amjoyshow/status/924638525659770880/photo/1"}]}, "entities": {"media": [{"source_status_id": 924638525659770880, "source_user_id_str": "731132367058968576", "id_str": "924638473545551872", "url": "https://t.co/CQdWQfDaFL", "source_status_id_str": "924638525659770880", "media_url": "http://pbs.twimg.com/media/DNT5yvFXkAAYoDF.jpg", "sizes": {"thumb": {"w": 150, "h": 150, "resize": "crop"}, "small": {"w": 680, "h": 382, "resize": "fit"}, "medium": {"w": 1140, "h": 640, "resize": "fit"}, "large": {"w": 1140, "h": 640, "resize": "fit"}}, "type": "photo", "media_url_https": "https://pbs.twimg.com/media/DNT5yvFXkAAYoDF.jpg", "indices": [74, 97], "display_url": "pic.twitter.com/CQdWQfDaFL", "id": 924638473545551872, "source_user_id": 731132367058968576, "expanded_url": "https://twitter.com/amjoyshow/status/924638525659770880/photo/1"}], "symbols": [], "urls": [], "hashtags": [{"indices": [15, 21], "text": "Trump"}, {"indices": [67, 73], "text": "AMJoy"}], "user_mentions": [{"id_str": "731132367058968576", "screen_name": "amjoyshow", "id": 731132367058968576, "name": "AM Joy w/Joy Reid", "indices": [3, 13]}, {"id_str": "14173315", "screen_name": "NBCNews", "id": 14173315, "name": "NBC News", "indices": [47, 55]}, {"id_str": "3108351", "screen_name": "WSJ", "id": 3108351, "name": "Wall Street Journal", "indices": [56, 60]}]}, "is_quote_status": false, "favorite_count": 0, "retweeted": false, "reply_count": 0, "truncated": false, "id": 924666622182379521, "source": "<a href=\"http://twitter.com/download/iphone\" rel=\"nofollow\">Twitter for iPhone</a>"}{"possibly_sensitive": false, "contributors": null, "coordinates": null, "favorited": false, "in_reply_to_user_id": 101651525, "in_reply_to_screen_name": "Thom2945", "quote_count": 0, "geo": null, "retweet_count": 0, "timestamp_ms": "1509292678470", "lang": "en", "in_reply_to_user_id_str": "101651525", "in_reply_to_status_id": 924293560156831744, "filter_level": "low", "display_text_range": [10, 140], "created_at": "Sun Oct 29 15:57:58 +0000 2017", "extended_tweet": {"display_text_range": [10, 147], "full_text": "@Thom2945 by @bfry1981 THE ONE article going deepest/exposing most on #Trump #Russia #Putin ties PLZ SHR! #Cohen #Magnitsky https://t.co/cecRZ8asln", "entities": {"symbols": [], "urls": [{"indices": [124, 147], "display_url": "linkedin.com/pulse/think-yo\u2026", "expanded_url": "https://www.linkedin.com/pulse/think-you-know-how-deep-trump-russia-goes-again-blow-your-frydenborg/", "url": "https://t.co/cecRZ8asln"}], "hashtags": [{"indices": [70, 76], "text": "Trump"}, {"indices": [77, 84], "text": "Russia"}, {"indices": [85, 91], "text": "Putin"}, {"indices": [106, 112], "text": "Cohen"}, {"indices": [113, 123], "text": "Magnitsky"}], "user_mentions": [{"id_str": "101651525", "screen_name": "Thom2945", "id": 101651525, "name": "Thom Battle Born", "indices": [0, 9]}, {"id_str": "1106777071", "screen_name": "bfry1981", "id": 1106777071, "name": "Brian Frydenborg", "indices": [13, 22]}]}}, "in_reply_to_status_id_str": "924293560156831744", "place": null, "text": "@Thom2945 by @bfry1981 THE ONE article going deepest/exposing most on #Trump #Russia #Putin ties PLZ SHR! #Cohen\u2026 https://t.co/dOQh4LczS1", "user": {"profile_sidebar_border_color": "BDDCAD", "geo_enabled": true, "profile_background_image_url": "http://abs.twimg.com/images/themes/theme16/bg.gif", "profile_background_tile": false, "profile_banner_url": "https://pbs.twimg.com/profile_banners/1106777071/1503965090", "description": "My niche is the intersection of policy/politics/conflict/history; freelance writer/journalist/consultant; context matters, assertions w/out data=noise, RT\u2260?", "follow_request_sent": null, "profile_background_color": "9AE4E8", "notifications": null, "profile_link_color": "0084B4", "translator_type": "none", "friends_count": 2224, "statuses_count": 60231, "lang": "en", "location": "Amman, Jordan", "default_profile_image": false, "is_translator": false, "followers_count": 1516, "contributors_enabled": false, "created_at": "Sun Jan 20 17:12:57 +0000 2013", "screen_name": "bfry1981", "following": null, "favourites_count": 22120, "default_profile": false, "id_str": "1106777071", "verified": false, "profile_image_url": "http://pbs.twimg.com/profile_images/801193699678060544/60xpoaAw_normal.jpg", "listed_count": 210, "name": "Brian Frydenborg", "utc_offset": 7200, "profile_image_url_https": "https://pbs.twimg.com/profile_images/801193699678060544/60xpoaAw_normal.jpg", "profile_background_image_url_https": "https://abs.twimg.com/images/themes/theme16/bg.gif", "profile_use_background_image": true, "profile_sidebar_fill_color": "DDFFCC", "url": "http://www.brianfrydenborg.com/", "profile_text_color": "333333", "protected": false, "id": 1106777071, "time_zone": "Jerusalem"}, "id_str": "924666628935053312", "entities": {"symbols": [], "urls": [{"indices": [114, 137], "display_url": "twitter.com/i/web/status/9\u2026", "expanded_url": "https://twitter.com/i/web/status/924666628935053312", "url": "https://t.co/dOQh4LczS1"}], "hashtags": [{"indices": [70, 76], "text": "Trump"}, {"indices": [77, 84], "text": "Russia"}, {"indices": [85, 91], "text": "Putin"}, {"indices": [106, 112], "text": "Cohen"}], "user_mentions": [{"id_str": "101651525", "screen_name": "Thom2945", "id": 101651525, "name": "Thom Battle Born", "indices": [0, 9]}, {"id_str": "1106777071", "screen_name": "bfry1981", "id": 1106777071, "name": "Brian Frydenborg", "indices": [13, 22]}]}, "is_quote_status": false, "favorite_count": 0, "retweeted": false, "reply_count": 0, "truncated": true, "id": 924666628935053312, "source": "<a href=\"http://twitter.com\" rel=\"nofollow\">Twitter Web Client</a>"}